Chapitre,Ã‰pisodes
1,"Episode 279, Episode 4, Episode 504, Episode 878, Episode of East Blue"
2,Episode 1
3,"Episode 2, Episode of East Blue"
4,"Episode 2, Episode of East Blue"
5,"Episode 19, Episode 2, Episode 3, Episode of East Blue"
6,"Episode 3, Episode of East Blue"
7,"Episode 3, Episode of East Blue"
8,"Episode 4, Episode 5, Episode of East Blue"
9,Episode 5
10,Episode 5
11,"Episode 5, Episode 6"
12,Episode 6
13,Episode 6
14,Episode 6
15,"Episode 6, Episode 7"
16,Episode 7
17,Episode 7
18,Episode 7
19,Episode 8
20,Episode 8
21,Episode 8
22,Episode 18
23,"Episode 9, Episode of East Blue"
24,"Episode 10, Episode 9, Episode of East Blue"
25,"Episode 10, Episode 9, Episode of East Blue"
26,"Episode 10, Episode 11, Episode of East Blue"
27,"Episode 11, Episode of East Blue"
28,"Episode 12, Episode of East Blue"
29,"Episode 12, Episode of East Blue"
30,"Episode 12, Episode 13, Episode of East Blue"
31,Episode 13
32,"Episode 13, Episode of East Blue"
33,"Episode 14, Episode of East Blue"
34,"Episode 14, Episode of East Blue"
35,"Episode 15, Episode of East Blue"
36,"Episode 15, Episode of East Blue"
37,"Episode 15, Episode of East Blue"
38,"Episode 16, Episode of East Blue"
39,"Episode 16, Episode 17, Episode of East Blue"
40,"Episode 17, Episode of East Blue"
41,"Episode 17, Episode of East Blue"
42,"Episode 18, Episode 19, Episode 20"
43,Episode 20
44,"Episode 21, Episode of East Blue"
45,"Episode 21, Episode of East Blue"
46,"Episode 22, Episode of East Blue"
47,"Episode 22, Episode of East Blue"
48,"Episode 23, Episode of East Blue"
49,"Episode 23, Episode of East Blue"
50,"Episode 24, Episode 29, Episode of East Blue"
51,"Episode 24, Episode of East Blue"
52,"Episode 24, Episode of East Blue"
53,Episode 25
54,"Episode 25, Episode of East Blue"
55,"Episode 25, Episode of East Blue"
56,"Episode 26, Episode of East Blue"
57,"Episode 26, Episode of East Blue"
58,"Episode 26, Episode of East Blue"
59,"Episode 26, Episode 27, Episode of East Blue"
60,"Episode 27, Episode of East Blue"
61,"Episode 27, Episode of East Blue"
62,"Episode 27, Episode 28, Episode of East Blue"
63,"Episode 28, Episode of East Blue"
64,"Episode 28, Episode of East Blue"
65,"Episode 29, Episode of East Blue"
66,"Episode 29, Episode of East Blue"
67,Episode 30
68,"Episode 30, Episode of East Blue"
69,"Episode 31, Episode of East Blue"
70,"Episode 31, Episode 32"
71,"Episode 31, Episode 32"
72,"Episode 32, Episode of East Blue"
73,"Episode 32, Episode 33"
74,Episode 33
75,"Episode 33, Episode 34, Episode of East Blue"
76,"Episode 34, Episode of East Blue"
77,"Episode 34, Episode 35, Episode of East Blue"
78,"Episode 35, Episode 36, Episode of East Blue"
79,"Episode 36, Episode of East Blue"
80,"Episode 36, Episode 37, Episode of East Blue"
81,"Episode 37, Episode of East Blue"
82,"Episode 38, Episode of East Blue"
83,Episode 38
84,Episode 39
85,"Episode 39, Episode of East Blue"
86,"Episode 39, Episode 40, Episode of East Blue"
87,"Episode 40, Episode of East Blue"
88,"Episode 40, Episode 41, Episode of East Blue"
89,"Episode 41, Episode of East Blue"
90,"Episode 41, Episode 42, Episode of East Blue"
91,"Episode 42, Episode of East Blue"
92,"Episode 42, Episode of East Blue"
93,"Episode 43, Episode of East Blue"
94,Episode of East Blue
95,Episode 44
96,"Episode 45, Episode 48"
97,"Episode 48, Episode 49"
98,"Episode 48, Episode 51, Episode 52"
99,Episode 52
100,"Episode 52, Episode 53, Episode of East Blue"
101,"Episode 55, Episode 61"
102,Episode 62
103,Episode 62
104,Episode 63
105,Episode 63
106,Episode 64
107,"Episode 64, Episode 65"
108,Episode 65
109,Episode 65
110,"Episode 65, Episode 66"
111,Episode 66
112,Episode 66
113,Episode 67
114,Episode 67
147,Episode 88
148,Episode 88
149,Episode 88
150,Episode 88
155,Episode 92
156,Episode 92
157,"Episode 92, Episode 94"
158,"Episode 93, Episode 94"
159,"Episode 101, Episode 95, Episode 96"
160,"Episode 103, Episode 96"
161,Episode 96
162,"Episode 103, Episode 97, Episode 98"
163,"Episode 100, Episode 103"
164,"Episode 100, Episode 103"
165,"Episode 103, Episode 104"
166,Episode 104
167,Episode 105
168,Episode 105
169,Episode 106
170,Episode 106
171,Episode 107
172,"Episode 107, Episode 108"
173,Episode 108
174,Episode 108
175,Episode 109
176,"Episode 109, Episode 110"
177,Episode 110
178,Episode 110
179,Episode 111
180,"Episode 111, Episode 112"
181,Episode 112
182,"Episode 112, Episode 113"
183,"Episode 112, Episode 113"
184,"Episode 113, Episode 114"
185,Episode 114
186,"Episode 114, Episode 115"
187,Episode 115
188,"Episode 115, Episode 116"
189,Episode 116
190,"Episode 116, Episode 117"
191,Episode 117
192,"Episode 117, Episode 118"
193,Episode 118
194,Episode 119
195,Episode 119
196,Episode 120
197,Episode 120
198,Episode 121
199,Episode 121
200,Episode 122
201,Episode 122
202,Episode 123
203,Episode 123
204,Episode 124
205,Episode 124
206,Episode 125
207,Episode 125
208,"Episode 125, Episode 126"
209,Episode 126
210,Episode 126
211,Episode 127
212,Episode 127
213,Episode 128
214,Episode 128
215,Episode 129
216,Episode 129
217,Episode 130
218,Episode 130
236,Episode 778
237,"Episode 153, Episode 778"
238,"Episode 153, Episode 778"
239,Episode 778
240,Episode 778
242,Episode 778
244,Episode 778
245,Episode 778
247,Episode 778
248,Episode 778
249,Episode 778
250,Episode 778
251,Episode 778
252,Episode 778
253,Episode 778
255,Episode 778
256,Episode 778
257,Episode 778
258,Episode 778
259,Episode 778
261,Episode 778
262,Episode 778
303,"Episode 203, Episode 225"
306,Episode 209
307,Episode 209
318,Episode 226
358,Episode 320
402,Episode 287
403,"Episode 287, Episode 288"
404,Episode 288
405,Episode 289
406,"Episode 289, Episode 290"
407,"Episode 290, Episode 293"
408,Episode 293
409,Episode 294
410,Episode 294
411,Episode 296
412,Episode 296
425,Episode 308
426,Episode 308
429,Episode 311
432,Episode 314
433,"Episode 315, Episode 316"
434,Episode 316
435,"Episode 316, Episode 319, Episode 320"
436,Episode 321
437,Episode 322
438,Episode 323
439,Episode 324
440,Episode 324
458,Episode 352
462,Episode 357
463,"Episode 357, Episode 358"
474,Episode 369
516,Episode 410
524,Episode 420
570,Episode 479
571,Episode 479
585,Episode 497
589,Episode 504
605,Episode 525
606,Episode 525
645,Episode 567
647,Episode 567
648,Episode 568
649,Episode 569
650,Episode 570
651,Episode 571
652,Episode 572
653,Episode 573
654,Episode 574
655,"Episode 574, Episode 579, Episode 580"
656,"Episode 580, Episode 581"
657,"Episode 581, Episode 582"
658,"Episode 581, Episode 582, Episode 583"
659,"Episode 583, Episode 584"
662,"Episode 587, Episode 588"
663,"Episode 587, Episode 588"
664,Episode 589
665,Episode 591
666,Episode 592
676,Episode 602
677,Episode 603
678,Episode 604
679,Episode 604
680,Episode 606
681,Episode 607
682,Episode 608
683,Episode 609
684,Episode 610
685,Episode 611
686,Episode 612
687,Episode 613
688,Episode 614
689,Episode 615
690,Episode 616
691,Episode 617
692,"Episode 617, Episode 618"
693,Episode 619
694,"Episode 619, Episode 620"
695,Episode 621
696,Episode 622
697,Episode 623
698,"Episode 624, Episode 625"
699,"Episode 625, Episode 626, Episode 628"
700,"Episode 628, Episode 629"
701,"Episode 630, Episode 631"
702,"Episode 631, Episode 632"
703,"Episode 632, Episode 633"
704,"Episode 633, Episode 634"
705,"Episode 634, Episode 635"
706,"Episode 634, Episode 635, Episode 636, Episode 642, Episode 654"
707,"Episode 636, Episode 637"
708,Episode 637
709,Episode 638
710,"Episode 639, Episode 640"
711,"Episode 640, Episode 641, Episode 642"
712,"Episode 640, Episode 641, Episode 642"
713,Episode 643
714,"Episode 643, Episode 644"
715,Episode 645
716,Episode 646
717,Episode 647
718,"Episode 648, Episode 649"
719,Episode 649
720,Episode 650
721,Episode 651
722,"Episode 652, Episode 653"
723,"Episode 653, Episode 654"
724,Episode 655
725,"Episode 656, Episode 657"
726,"Episode 648, Episode 657, Episode 658"
727,"Episode 657, Episode 659"
728,"Episode 660, Episode 661"
729,Episode 661
730,Episode 662
731,"Episode 657, Episode 663"
732,Episode 664
733,Episode 665
734,Episode 666
735,Episode 667
736,"Episode 668, Episode 669, Episode 670"
737,"Episode 669, Episode 670"
738,"Episode 670, Episode 671"
739,"Episode 671, Episode 672"
740,"Episode 672, Episode 673"
741,"Episode 674, Episode 675"
742,"Episode 675, Episode 676"
743,Episode 677
744,"Episode 678, Episode 679"
745,"Episode 679, Episode 680"
746,"Episode 681, Episode 682"
747,"Episode 682, Episode 683"
748,"Episode 683, Episode 684"
749,"Episode 685, Episode 686"
750,"Episode 685, Episode 686, Episode 687"
751,"Episode 687, Episode 688"
752,"Episode 688, Episode 689, Episode 690"
753,"Episode 690, Episode 691"
754,"Episode 691, Episode 692"
755,"Episode 691, Episode 692, Episode 693"
756,"Episode 693, Episode 694, Episode 695"
757,"Episode 695, Episode 696"
758,"Episode 696, Episode 697"
759,Episode 698
760,Episode 699
761,Episode 700
762,Episode 701
763,Episode 702
764,Episode 703
765,Episode 704
766,Episode 705
767,Episode 706
768,Episode 707
769,"Episode 708, Episode 709, Episode 710, Episode 711"
770,"Episode 708, Episode 709, Episode 711"
771,"Episode 710, Episode 711"
772,"Episode 711, Episode 712"
773,"Episode 712, Episode 713"
774,Episode 714
775,"Episode 715, Episode 716"
776,"Episode 716, Episode 717"
777,"Episode 717, Episode 718"
778,"Episode 718, Episode 719"
779,"Episode 714, Episode 715, Episode 720"
780,"Episode 711, Episode 721"
781,"Episode 722, Episode 723"
782,"Episode 723, Episode 724"
783,"Episode 724, Episode 725"
784,Episode 726
785,"Episode 727, Episode 728"
786,"Episode 728, Episode 729"
787,"Episode 729, Episode 730"
788,Episode 731
789,"Episode 731, Episode 732"
790,Episode 733
791,Episode 734
792,Episode 735
793,Episode 736
794,"Episode 737, Episode 738"
795,"Episode 738, Episode 739"
796,"Episode 740, Episode 741"
797,"Episode 741, Episode 742"
798,"Episode 742, Episode 743"
799,"Episode 743, Episode 744"
800,Episode 745
801,Episode 746
802,"Episode 747, Episode 751, Episode 752"
803,"Episode 752, Episode 753"
804,Episode 753
805,Episode 754
806,Episode 755
807,"Episode 756, Episode 757"
808,"Episode 757, Episode 758, Episode 760"
809,"Episode 758, Episode 759"
810,Episode 759
811,"Episode 761, Episode 762"
812,"Episode 762, Episode 763"
813,"Episode 763, Episode 764"
814,"Episode 764, Episode 765"
815,"Episode 765, Episode 766"
816,Episode 767
817,"Episode 768, Episode 769"
818,"Episode 769, Episode 770"
819,"Episode 771, Episode 772"
820,"Episode 772, Episode 773"
821,"Episode 773, Episode 774"
822,Episode 776
823,"Episode 777, Episode 778"
824,"Episode 779, Episode 783"
825,"Episode 783, Episode 784"
826,"Episode 784, Episode 785"
827,"Episode 785, Episode 786"
828,"Episode 787, Episode 788"
829,"Episode 788, Episode 789"
830,Episode 790
831,"Episode 791, Episode 792"
832,"Episode 792, Episode 793"
833,"Episode 793, Episode 794"
834,"Episode 794, Episode 795"
835,"Episode 796, Episode 797"
836,"Episode 797, Episode 798"
837,"Episode 798, Episode 799"
838,"Episode 799, Episode 800"
839,"Episode 800, Episode 801, Episode 802"
840,"Episode 802, Episode 803"
841,"Episode 804, Episode 805"
842,"Episode 805, Episode 806"
843,"Episode 807, Episode 808"
845,"Episode 809, Episode 810"
846,"Episode 811, Episode 812"
847,"Episode 812, Episode 813"
848,"Episode 814, Episode 815"
849,"Episode 814, Episode 815"
850,"Episode 816, Episode 817"
851,"Episode 817, Episode 818"
852,"Episode 819, Episode 820"
853,"Episode 820, Episode 821"
854,"Episode 821, Episode 822"
855,"Episode 823, Episode 824"
856,Episode 825
857,"Episode 826, Episode 827"
858,"Episode 827, Episode 828"
859,"Episode 828, Episode 829"
860,"Episode 829, Episode 830"
861,Episode 831
862,Episode 832
863,Episode 833
864,"Episode 834, Episode 885"
865,Episode 835
866,Episode 836
867,Episode 837
868,"Episode 838, Episode 839"
869,Episode 840
870,"Episode 840, Episode 841"
871,"Episode 841, Episode 842"
872,Episode 843
873,Episode 844
874,Episode 845
875,"Episode 846, Episode 847"
876,"Episode 847, Episode 848"
877,Episode 849
878,"Episode 849, Episode 850"
879,"Episode 851, Episode 852"
880,Episode 853
881,"Episode 853, Episode 854"
882,"Episode 854, Episode 855"
883,Episode 856
884,"Episode 857, Episode 858"
885,Episode 859
886,"Episode 859, Episode 860"
887,"Episode 860, Episode 861"
888,"Episode 861, Episode 862"
889,Episode 863
890,"Episode 863, Episode 864, Episode 865"
891,Episode 866
892,"Episode 866, Episode 867"
893,Episode 868
894,"Episode 868, Episode 869"
895,Episode 870
896,Episode 871
897,Episode 872
898,Episode 873
899,Episode 874
900,Episode 875
901,Episode 876
902,"Episode 871, Episode 877"
903,Episode 879
904,Episode 880
905,"Episode 881, Episode 882, Episode 883"
906,Episode 884
907,"Episode 886, Episode 887"
908,"Episode 888, Episode 889"
909,"Episode 890, Episode 892"
910,"Episode 891, Episode 893"
911,Episode 894
912,Episode 897
913,"Episode 898, Episode 899"
914,"Episode 900, Episode 901"
915,"Episode 899, Episode 902"
916,"Episode 902, Episode 903, Episode 904"
917,Episode 905
918,"Episode 906, Episode 908"
919,"Episode 908, Episode 909"
920,"Episode 910, Episode 911"
921,"Episode 911, Episode 912"
922,"Episode 912, Episode 913, Episode 914"
923,Episode 915
924,"Episode 915, Episode 916"
925,"Episode 917, Episode 918"
926,"Episode 918, Episode 919"
927,"Episode 920, Episode 921"
928,"Episode 921, Episode 922, Episode 923"
929,"Episode 922, Episode 923"
930,"Episode 923, Episode 924"
931,"Episode 925, Episode 926"
932,"Episode 926, Episode 927"
933,Episode 928
934,"Episode 929, Episode 930"
935,Episode 931
936,"Episode 931, Episode 932"
937,"Episode 933, Episode 934"
938,Episode 935
939,"Episode 935, Episode 936"
940,"Episode 936, Episode 937"
941,"Episode 938, Episode 939"
942,"Episode 939, Episode 940"
943,Episode 941
944,"Episode 942, Episode 943"
945,"Episode 943, Episode 944"
946,Episode 945
947,"Episode 946, Episode 947"
948,"Episode 947, Episode 948"
949,"Episode 948, Episode 949"
950,"Episode 950, Episode 951"
951,"Episode 951, Episode 952"
952,"Episode 952, Episode 953"
953,"Episode 953, Episode 954"
954,Episode 955
955,Episode 956
956,Episode 957
957,Episode 958
958,Episode 959
959,"Episode 959, Episode 960"
960,Episode 960
961,Episode 961
962,"Episode 961, Episode 962"
963,"Episode 962, Episode 963"
964,Episode 964
965,Episode 965
966,"Episode 965, Episode 966, Episode 967"
967,"Episode 967, Episode 968"
968,"Episode 969, Episode 970"
969,"Episode 970, Episode 971"
970,"Episode 971, Episode 972"
971,"Episode 972, Episode 973"
972,"Episode 974, Episode 975"
973,"Episode 975, Episode 976"
974,Episode 977
975,"Episode 978, Episode 979"
976,Episode 980
977,"Episode 981, Episode 982, Episode 983"
979,"Episode 984, Episode 985"
980,"Episode 985, Episode 986"
981,"Episode 987, Episode 988"
982,"Episode 988, Episode 989"
983,"Episode 990, Episode 991"
984,Episode 992
985,"Episode 993, Episode 994"
986,"Episode 994, Episode 995"
987,"Episode 996, Episode 997"
988,"Episode 997, Episode 998"
989,"Episode 1000, Episode 999"
990,Episode 1001
991,"Episode 1002, Episode 1003"
992,Episode 1004
993,"Episode 1005, Episode 1006"
994,Episode 1007
995,"Episode 1008, Episode 1009"
996,Episode 1010
997,Episode 1011
998,"Episode 1012, Episode 1013"
999,"Episode 1013, Episode 1014"
1000,Episode 1015
1001,"Episode 1016, Episode 1017"
1003,Episode 1018
1004,"Episode 1019, Episode 1020"
1005,"Episode 1020, Episode 1021"
1006,"Episode 1021, Episode 1022"
1007,"Episode 1023, Episode 1024"
1008,"Episode 1024, Episode 1025"
1009,"Episode 1025, Episode 1026"
1010,"Episode 1027, Episode 1028"
